{"./":{"url":"./","title":"ArchManual","keywords":"","body":"ArchManual 项目介绍 ArchManual不是：某个技术架构的深度剖析某个技术框架的源码分析某个技术工具的安装运维某个技术类库的代码示例而是：常用分布式技术的总体概览常用技术主题的归纳总结常用技术框架的归类罗列常用技术架构的简单分享希望成为：速查手册：平时工作中做技术架构、框架选型时的速查手册学习提纲：业余学习或者面试时的一个学习提纲技术地图：希望能起到一些指引的作用。也希望每个技术小伙伴都能积极参与，分享知识，丰富ArchManual 整体概览 概览图： 地址：思维导图 导航 后端主题 前端主题 系统运维 监控 大数据 系统安全 通用架构 人工智能 后端主题 配置中心 Apollo Nacos Spring Config Disconf 消息队列 分布式消息队列 Kafka RocketMQ RabbitMQ ActiveMQ Redis 内存消息队列（线程间消息传递） Disruptor MTTQ（应用于物联网） EMQX Mosquitto NanoMQ 延迟任务 消息队列 RabbitMQ TTL + 死信队列 RabbitMQ 延迟队列插件(*推荐) RocketMQ 定时消息(*推荐) Redis缓存 定时轮询zset Redis Key过期监听 Redisson 分布式延迟队列 RDelayedQueue (*推荐) 定时轮询 Spring Task XXL-Job Elastic-Job 内存队列 JDK DelayQueue 时间轮算法 Netty的HashedWheelTimer Kafka的TimingWheel 任务调度 xxl-job Elastic-job powerJob Saturn Quartz 分布式ID Snowflake(雪花算法） Redis 自增ID 美团 Leaf 分布式锁 Redis Zookeeper Etcd 分布式事务 XA ShardingSpere MyCat Spring JTA 同步调用 TCC(Try/Confirm/Cancel) byteTCC tcc-transaction easy-transaction Hmily Saga Ali Seata 异步调用 MQ支持可靠消息(RocketMQ) 可靠消息服务+MQ 本地消息表 + MQ 注册发现 Eureka + Ribbon Nacos Consul Zookeeper 限流与降级 Hystrix Sentinel 负载均衡 HttpDNS DNS F5(硬件） LVS（4层） Nginx（7层） HAProxy 数据库连接池 Druid HikariCP DBCP2 流程引擎 activiti flowable camunda 服务容器 Tomcat Netty Jetty 服务调用 RPC Dubbo DubboX HTTP OpenFeign RestTemplate 网关 Nginx + Lua KONG（基于OpenResty) Zuul Ali Sentinel(限流） 存储 分布式文件系统 Ali OSS Ceph NoSQL 文档数据库 MongoDB KV Redis（CA模型） etcd（CP模型） NewSQL TiDB 时序 InfluxDB 图数据库 Neo4J 搜索 ElasticeSearch 向量数据库 仓库 代码仓库 gitlab maven仓库 nexus docker镜像仓库 docker registry 分布式数据库 分库分表 ShardingSphere(Sharding-JDBC) MyCat 存储引擎 事务 InnoDB 顺序写 TokuDB 高可用 MHA 数据同步 阿里云DTS binlog消费订阅 canal databus 增量数据同步 otter 全量离线数据同步 kettle 数据可视化 superset Redash 集群管理 元数据协调管理 Zookeeper gossip IP地址切换 VIP Keepalived 缓存 CDN层 ATS(Apache Traffic Server） Squid HTTP层 应用层 Caffeine Guava ehcache 分布式缓存 Redis JD-hotkey 压测 线下 Apache ab Apache Jmeter 线上 Tcpcopy 流量存储和回放 GoReplay KV存储 LevelDB RocksDB BeansDB LMDB Riak 弹性伸缩 K8S + Docker 云计算 阿里云 腾讯云 Java工具包 guava 前端主题 系统运维 仓库管理 代码仓库 gitlab maven仓库 nexus docker镜像仓库 docker registry 部署容器 Docker + K8S docker跨主机组网 原生 overlay macvlan 第三方 Flannel OpenSwitch weave calico 云服务 Aliyun ECS DevOps Gitlab CI / CD Jenkins 监控 服务器 OpenFalcon Zabbix + Grafana 调用链 Pinpoint Skywalking CAT SpringCloud Sleuth + Zipkin 业务 Falcon CAT metrics Micrometer JVM arthas 日志 ELK FileBeats 采集 Kafka 日志队列 Logstack 计算 ElasticSearch 存储 Kibana 展示 Flume + Hadoop 大数据 流式计算 Spark Streaming Apache Storm Flink 分布式文件系统 HDFS BigTable HBase 计算框架 Hadoop MapReduce Spark 流式计算 Spark Streaming Apache Storm Flink 数据分析 Hive impala 数据可视化 系统安全 应用层 账号生命周期 授权 接口安全 操作日志审计 重要漏洞防范 软件容错 错误处理 文件操作 输入输出 加密算法 运维层 主机安全 密钥全生命周期管理 证书管理 资源控制 配置文件管理 中间件运维 代码层 源代码保护 代码审计 环境管理 版本控制 检测工具 数据层 数据分级 数据脱敏 数据加密 数据灾备 人工智能 特征工程 机器学习 sklean xgboost 深度学习 联邦学习 迁移学习 自动机器学习 大模型 基础设施 向量数据库 数据库支持向量 大模型框架 大模型训练平台 大模型 国内 国外 工具 大模型运维 大模型聚合 开发工具 应用 智能体 通用架构 ArchManual © 版权所有 浙ICP备18042346号 "},"overview/":{"url":"overview/","title":"思维导图","keywords":"","body":"思维导图 高清大图 ArchManual © 版权所有 浙ICP备18042346号 "},"backend/config/":{"url":"backend/config/","title":"配置中心","keywords":"","body":"配置中心 场景 系统的两类配置：一类是数据库账号等配置，另外一类是程序中硬编码的一些业务参数（比如：一些阈值、开关等） 对账号类的配置，不同环境需要有不同的配置，并且生产环境的一些配置需要保密 对业务类参数，随着业务的变化，需要经常调整。而调整时，需要重新发布系统，带来不必要的运维工作 功能 一致性：分布式环境下，系统的一些配置进行修改，配置修改后，需要对所有服务节点生效 实时性：配置修改后，需要实时生效，不需要重启应用 多环境：不同环境（DEV、UAT、FAT、PROD）等，需要有不同的配置 统一性：需要有统一的配置界面，对各个系统进行配置 安全性：对生产环境的账号密码，要做到权限隔离 稳定性：配置中心是所有服务都依赖的的中间件，如果配置中心出现问题，可能会影响所有的服务，所以要支持集群部署，以增强其稳定性 版本管理：可以管理多个历史版本，方便及时的回滚到某个版本 多格式：支持Properties、Json、Yaml 等不同文件格式的转换存储，方便系统的配置迁移到配置中心 灰度发布：配置有变更时，需要将配置推送的部分机器上做验证，验证通过后在推送所有的机器上 架构 配置如何及时推送到应用？ 以Apollo为例，流程图如下：1）后台配置系统修改配置，发布新版本，版本信息写入数据库中，版本信息表2）轮询线程隔一段时间（比如 10秒）查询一个数据库的版本信息表，看是否有版本更新，有版本更新时将最新的版本信息存到本地内存，同时通知客户端3）通知客户端的方式，是通过DeferredResult，设置DeferredResult的Result，对应的长连接会立刻返回给客户端4）客户端向后端查询版本更新信息，该查询通过长连接的方式，超时设置为60秒，超时之后，客户端向后端重新查询5）后端的查询接口中，会new一个DeferredResult对象，并设置改对象的超时时间和超时的返回值。查询内存中是否有最新的版本信息，如果有最新的版本信息则设置DeferredResult的Result， 直接返回。如果没有最新的版本信息，则将DeferredResult对象放到内存列表中，存储起来，等待后续的通知。 如何保证配置中心的稳定性？ 1）集群部署配置服务采用集群部署，应用客户端通过负载均衡来访问配置服务。2）客户端缓存应用的客户端本地缓存一份配置，如果配置服务出现故障，无法提供服务，应用还可以继续使用本地的配置 工具 推荐 Apollo 官网 Github Nacos 官网 Github Spring Config Github 其他 Disconf Github ArchManual © 版权所有 浙ICP备18042346号 "},"backend/mq/":{"url":"backend/mq/","title":"消息队列","keywords":"","body":"消息队列 场景 解耦：消息队列可以帮助将应用程序的不同组件解耦，使它们可以独立地进行开发、部署和扩展。 异步：消息队列可以用于实现异步处理，提高系统的响应速度和吞吐量。 削峰填谷：消息队列可以用于平滑系统的流量波动。当系统面临突然的高流量时，消息队列可以暂时存储消息，然后由后续的处理者逐渐消费这些消息，防止系统因突发流量而崩溃。 日志处理：消息队列可以用于收集和处理大量的日志数据。应用程序可以将日志信息发送到消息队列，然后由专门的日志处理服务从队列中获取日志并进行分析、存储或展示。 任务调度：消息队列可以用于实现任务调度系统。应用程序可以将需要定时执行的任务信息发送到消息队列，然后由专门的调度器从队列中获取任务并按照预定的时间执行。 分布式系统通信：在分布式系统中，各个节点之间需要进行通信和协调。消息队列可以作为一种分布式通信的基础设施，帮助不同节点之间进行消息交换和数据同步。 重试机制：消息队列可以提供消息重试的机制，当消息处理失败时，可以将消息重新放入队列，等待后续重试，以确保消息被正确处理。 事件驱动架构：消息队列可以用于构建事件驱动架构，通过发布-订阅模式实现系统中的事件通知和处理。 功能 可靠性：消息队列应该能够保证消息的可靠传输，即使在系统故障或网络异常的情况下，也能够确保消息不会丢失。为了实现可靠性，通常会采用消息持久化、消息确认机制和消息重试机制等手段。 高吞吐量：消息队列应该能够支持高吞吐量的消息处理，能够处理大量的消息并且保持低延迟。为了实现高吞吐量，需要考虑队列的设计、消息的存储和传输等方面的性能优化。 可扩展性：消息队列应该具备良好的可扩展性，能够根据需求灵活地扩展系统的规模和容量。这包括水平扩展、集群化部署、分区和分片等技术手段。 消息排序：某些场景下，消息的顺序很重要，因此消息队列应该能够保证消息的顺序性。即使是分布式环境下，也需要确保相同分区或主题中的消息能够按照发送顺序进行处理。 灵活的消息路由：消息队列应该支持灵活的消息路由机制，能够根据消息的内容、标签或其他属性将消息路由到不同的队列或主题中，以便于实现定制化的消息处理逻辑。 低延迟：对于一些实时性要求较高的场景，消息队列应该能够保证低延迟的消息传输和处理，尽可能减少消息在队列中的停留时间。 可观测性：消息队列应该提供丰富的监控和管理功能，能够实时监控队列的状态、消息的流动情况、处理速度等指标，并提供相应的报警和日志记录功能，帮助系统管理员进行运维和故障排查。 安全性：消息队列应该具备良好的安全性，能够保护消息的机密性和完整性，防止消息被篡改或者被未授权的访问。这包括数据加密、身份认证、访问控制等安全措施。 灵活的部署和集成：消息队列应该能够与现有的系统和组件进行灵活的集成，支持多种部署方式，包括本地部署、云端部署和容器化部署等。 架构 高可用 顺序性 消息积压 幂等性 防止丢失 工具 推荐 Apollo 官网 Github Nacos 官网 Github Spring Config Github 其他 Disconf Github ArchManual © 版权所有 浙ICP备18042346号 "},"backend/dq/":{"url":"backend/dq/","title":"延迟任务","keywords":"","body":"延迟任务 场景 订单超时自动取消：延迟任务典型的使用场景是订单超时自动取消。 功能 精确的时间控制：延时任务的时间控制要尽量准确。 可靠性：延时任务的处理要是可靠的，确保所有任务最终都能被执行。这通常要求延时任务的方案使用的中间件最好要具备任务持久化的能力，以防系统故障导致任务丢失。 方案 1.基于消息队列 # RabbitMQ TTL + 死信队列 原理 RabbitMQ 可以针对 Queue 和 Message 设置 x-message-tt，来控制消息的生存时间，如果超时，则消息变为 dead letter。 RabbitMQ 的 Queue 可以配置 x-dead-letter-exchange 和 x-dead-letter-routing-key（可选）两个参数，用来控制队列内出现了 dead letter，则按照这两个参数重新路由。 两个概念 TTL：即消息的存活时间。RabbitMQ可以对队列和消息分别设置TTL，如果对队列设置，则队列中所有的消息都具有相同的过期时间。超过了这个时间，可以认为这个消息就死了，称之为死信。 DLX（死信Exchange）：一个消息在满足以下条件会进入死信交换机：（1）一个消息被Consumer拒收了，并且reject方法的参数里requeue是false。也就是说不会被再次放在队列里，被其他消费者使用。（2）TTL到期的消息。（3）队列满了被丢弃的消息。 流程图 （1）定义一个BizQueue，用来接收死信消息，多个消费者进行业务消费。（2）定义一个死信交换机(DLXExchange)，绑定BizQueue，接收延时队列的消息，并转发给BizQueue。（3）定义一组延时队列DelayQueue_xx，分别配置不同的TTL，用来处理固定延时5s、10s、30s等延时等级，并绑定到DLXExchange。（4）定义DelayExchange，用来接收业务发过来的延时消息，并根据延时时间转发到不同的延时队列中。 优缺点 优点 可以支持海量延时消息 支持分布式处理。 缺点 不灵活，只能支持固定延时等级。 使用复杂，要配置一堆延时队列。 # RabbitMQ 延迟队列插件(*推荐) 原理 延迟交换类型：该插件引入了一个新的交换类型 - x-delayed-message。这种类型的交换机类似于常规的直接（direct）、主题（topic）或扇形（fanout）交换机，但它增加了对消息延迟的支持。 参数x-delayed-type 定义了分发方式，可以是：direct、topic、fanoutMap args = new HashMap(); args.put(\"x-delayed-type\", \"direct\"); channel.exchangeDeclare(\"my-exchange\", \"x-delayed-message\", true, false, args); 消息延迟属性：当生产者发送消息到一个延迟类型的交换机时，它可以在消息的头部信息中指定一个延迟时间（通常是以毫秒为单位的）。这是通过设置一个特殊的属性 x-delay来实现的。 如果x-delay未设置，则消息没有延迟。byte[] messageBodyBytes = \"delayed payload\".getBytes(\"UTF-8\"); Map headers = new HashMap(); headers.put(\"x-delay\", 5000); AMQP.BasicProperties.Builder props = new AMQP.BasicProperties.Builder().headers(headers); channel.basicPublish(\"my-exchange\", \"\", props.build(), messageBodyBytes); 内部存储和调度：当延迟交换机接收到一个带有延迟的消息时，它不会立即将消息路由到绑定的队列中。相反，它会将消息存储在内部的数据结构（Mnesia 数据库，分布式数据库管理系统)）中，并根据其延迟时间进行调度。 延迟过期：一旦消息的延迟时间到达，交换机就会将消息路由到适当的队列。从此刻起，消息就变成了可供消费者正常消费的状态。 时间精度：延迟的精度和实际的延迟时间可能受到系统负载和RabbitMQ服务器的性能限制。 地址github 优缺点 优点 RabbitMQ消息服务可靠性高，消息处理速度快 支持大数据量 支持分布式横向扩展方便。 缺点： 最大支持延时时间约为49天，超过这个时间的消息会被立即消费; 超过百万的数据量不要使用(和RabbitMQ自身有关)，内存和CPU使用量急剧上升; 需要确保版本兼容，不要使用过高版本的容易出现问题; # RocketMQ 定时消息(*推荐) RocketMQ 4.x 只支持固定时长(1s 5s 10s 30s 1m 2m 3m 4m 5m 6m 7m 8m 9m 10m 20m 30m 1h 2h)的延时消息RocketMQ 5.x 支持任意时长的的延时消息，推荐使用 原理 （1）在RocketMQ中，使用了经典的时间轮算法。通过TimerWheel来描述时间轮不同的时刻，通过TimerLog来记录不同时刻的消息。 （2）TimerWheel中的每一格代表着一个时刻，同时会有一个firstPos指向这个刻度下所有定时消息的首条TimerLog记录的地址，一个lastPos指向这个刻度下所有定时消息最后一条TimerLog的记录的地址。并且，对于所处于同一个刻度的的消息，其TimerLog会通过prevPos串联成一个链表。 （3）当需要新增一条记录的时候，例如现在我们要新增一个 “1-4”。那么就将新记录的 prevPos 指向当前的 lastPos，即 “1-3”，然后修改 lastPos 指向 “1-4”。这样就将同一个刻度上面的 TimerLog 记录全都串起来了。 优缺点 优点： 精度高，支持任意时刻。 使用门槛低，和使用普通消息一样。 缺点： 时长的使用限制： 定时和延时消息的msg.setStartDeliverTime参数可设置40天内的任何时刻（单位毫秒），超过40天消息发送将失败。 海量 消息场景，存储成本高： 在海量订单场景中，如果每个订单需要新增一个定时消息，且不会马上消费，额外给MQ带来很大的存储成本。 如果将大量定时消息的定时时间设置为同一时刻，会造成系统压力过大，导致消息分发延迟，影响定时精度。 2.基于Redis # Redis Key过期监听 用 Redis 的 Keyspace Notifications。中文翻译就是键空间机制，就是利用该机制可以在 key 失效之后，提供一个回调，实际上是 Redis 会给客户端发送一个消息。是需要 Redis 版本 2.8 以上。 Redis过期通知也是不可靠的，不建议使用。 # 定时轮询 zset 利用 Redis 的 zset。zset 是一个有序集合，每一个元素（member）都关联了一个 score，通过 score 排序来取集合中的值。 原理 添加延时消息//延迟3秒 Calendar cal1 = Calendar.getInstance(); cal1.add(Calendar.SECOND, 3); int second3later = (int) (cal1.getTimeInMillis() / 1000); AppTest.getJedis().zadd(\"OrderId\",second3later,\"OID0000001\"+i); 定时轮询消费消息Jedis jedis = AppTest.getJedis(); while(true){ Set items = jedis.zrangeWithScores(\"OrderId\", 0, 1); if(items == null || items.isEmpty()){ System.out.println(\"当前没有等待的任务\"); try { Thread.sleep(500); } catch (InterruptedException e) { // TODO Auto-generated catch block e.printStackTrace(); } continue; } int score = (int) ((Tuple)items.toArray()[0]).getScore(); Calendar cal = Calendar.getInstance(); int nowSecond = (int) (cal.getTimeInMillis() / 1000); if(nowSecond >= score){ String orderId = ((Tuple)items.toArray()[0]).getElement(); Long num = jedis.zrem(\"OrderId\", orderId); if( num != null && num>0){ consumeMsg(orderId); } } } 注意此处代码，在并发场景下，删除Key，要判断是否真正删除成功。否则会造成消息的重复消费。Long num = jedis.zrem(\"OrderId\", orderId); if( num != null && num>0){ consumeMsg(orderId); } 消息处理void consumeMsg(orderId){ //具体业务逻辑 } 优缺点 优点 实现简单，redis内存操作，速度快，性能高，集群扩展方便 可存储大量订单数据，持久化机制使得故障时通过AOF或RDB方式恢复 适合对延迟精度要求不高的业务场景 缺点 轮询线程如果不带休眠或休眠时间短，可能导致空轮询，CPU飙高，带休眠时间，休眠多久不好评估，休眠时间过长可能导致延迟不准确。 处理消息异常时可能要实现重试机制 可靠性问题，比如是先删数据在处理订单还是先处理订单再删除数据，处理异常时可能会导致数据丢失。 # Redisson 分布式延迟队列 RDelayedQueue (*推荐) 原理 数据结构Redisson在实现延时队列的过程中用到以下数据结构： key value 类型 用处 redisson_delay_queue_timeout:{target_queue} 任务 和 到期时间 zset 消息延时排序功能 redisson_delay_queue:{target_queue} 任务的原始顺序存储 list 如查询、删除指定任务 redisson_delay_queue_channel:{target_queue} 最新消息的到期时间 发布订阅 通知客户端启动同步数据的任务，该任务来获取过期任务存放到target_queue中 target_queue 过期的任务 list 获取具体的过期任务 流程图 在整个流程图，主要有三个重要角色，Redisson客户端、生产者、消费者。Redis的核心操作都是通过脚本的方式执行Redis命令，确保Redis操作的原子性。 （1）生产者生产者发布任务时，调用Redis命令，将Task添加到redisson_delay_queue_timeout:{target_queue}、redisson_delay_queue:{target_queue}。同时判断redisson_delay_queue_timeout:{target_queue}中的最新任务是不是自己添加及你去的任务，如果是，则向redisson_delay_queue_channel:{target_queue}发布最新的 过期时间。核心Redis操作脚本代码如下： @Override public RFuture offerAsync(V e, long delay, TimeUnit timeUnit) { if (delay （2）Redisson客户端 无论是生产者和还是消费者，都是Redisson的客户端，客户端在启动的时候，会订阅redisson_delay_queue_channel:{target_queue}。 通过订阅该Topic，会收到订阅成功的通知和新消息到达的通知，这两个通知中会做两个很重要的事情：定时任务和同步任务。 同步任务（pushTaskAsync） 使用Redis命令zrangebyscore，取zset的score小于当前时间的最新100条，复制给 expiredValues 判断expiredValues 是否有数据，有数据，说明有到期数据，则执行具体任务同步的操作，将过期的任务从 redisson_delay_queue_timeout:{target_queue} 和 redisson_delay_queue:{target_queue} 中移除，添加到 target_queue中。 任务同步完成后，取 redisson_delay_queue_timeout:{target_queue}中最新的Task，将该Task的过期时间发布到Topic中 redisson_delay_queue_channel:{target_queue}@Override protected RFuture pushTaskAsync() { return commandExecutor.evalWriteAsync(getRawName(), LongCodec.INSTANCE, RedisCommands.EVAL_LONG, \"local expiredValues = redis.call('zrangebyscore', KEYS[2], 0, ARGV[1], 'limit', 0, ARGV[2]); \" + \"if #expiredValues > 0 then \" + \"for i, v in ipairs(expiredValues) do \" + \"local randomId, value = struct.unpack('dLc0', v);\" + \"redis.call('rpush', KEYS[1], value);\" + \"redis.call('lrem', KEYS[3], 1, v);\" + \"end; \" + \"redis.call('zrem', KEYS[2], unpack(expiredValues));\" + \"end; \" // get startTime from scheduler queue head task + \"local v = redis.call('zrange', KEYS[2], 0, 0, 'WITHSCORES'); \" + \"if v[1] ~= nil then \" + \"return v[2]; \" + \"end \" + \"return nil;\", Arrays.asList(getRawName(), timeoutSetName, queueName), System.currentTimeMillis(), 100); } 定时任务（scheduleTask） 得到最新消息过期时间 startTime 计算 delay时间，delay = startTime - System.currentTimeMillis() 如果 delay 则执行同步任务 如果 delay >10 则 开启一个定时任务，定时任务时间到了之后，执行同步任务 long delay = startTime - System.currentTimeMillis(); if (delay > 10) { Timeout timeout = connectionManager.newTimeout(new TimerTask() { @Override public void run(Timeout timeout) throws Exception { pushTask(); TimeoutTask currentTimeout = lastTimeout.get(); if (currentTimeout.getTask() == timeout) { lastTimeout.compareAndSet(currentTimeout, null); } } }, delay, TimeUnit.MILLISECONDS); if (!lastTimeout.compareAndSet(oldTimeout, new TimeoutTask(startTime, timeout))) { timeout.cancel(); } } else { pushTask(); } （3）消费者消费者启动一个线程，循环从 target_queue 获取任务，如果任务队列为空，则会阻塞，知道有数据时返回 。 阻塞方式从 target_queue 获取任务，使用Redis命令 bpop 获取到任务之后，做具体的任务执行 3.定时轮询 用分布式任务中间件开启一个调度任务，某个一定的时间段执行一次任务，从数据库中获取过期数据，然后执行具体的业务逻辑。 适合场景：时间精度要求不高、数据量不大 常用的一些分布式任务调度中间件： XXL-Job Elastic-Job 优缺点 优点：这个方案的优点也是比较简单，实现起来比较容易 缺点：时间不精准、无法处理大订单量、对数据库造成压力、分库分表问题。 4.内存队列 # JDK DelayQueue DelayQueue 是一个 BlockingQueue （无界阻塞）队列，它本质就是封装了一个 PriorityQueue （优先级队列），并加上了延时功能。 DelayQueue 就是一个使用优先队列（PriorityQueue）实现的 BlockingQueue，优先队列的比较基准值是时间。即：DelayQueue = BlockingQueue + PriorityQueue + Delayed 使用比较简单 DelayQueue delayQueue = new DelayQueue<>(); DelayedTask task1 = new DelayedTask(\"data 5 seconds\", 5L); DelayedTask task2 = new DelayedTask(\"data 1 seconds\", 1L); DelayedTask task3 = new DelayedTask(\"data 3 seconds\", 3L); // 2.向队列中添加延迟执行的任务 delayQueue.put(task1); delayQueue.put(task2); delayQueue.put(task3); // 3.尝试执行任务 log.info(\"消息发送完成\"); // 如果队列中没有到期的元素，take会阻塞等待 while (true) { DelayedTask task = delayQueue.take(); log.info(\"获取延迟任务：task：{}\", task.getData()); } DelayQueue 实现了一个高效的本地延时队列， 但是缺点就是 不支持多节点部署，多节点部署时，不能同步消息，同步消费，也不能持久化 5.时间轮算法 Netty的HashedWheelTimer Kafka的TimingWheel ArchManual © 版权所有 浙ICP备18042346号 "},"backend/task/":{"url":"backend/task/","title":"任务调度","keywords":"","body":"任务调度（分布式定时任务） 场景 任务调度是指系统在约定的特定时刻自动去执行指定任务的过程。 比如： 某新闻App每天上午10点给用户推送最新新闻。 某电商系统需要在每天上午 10 点，下午 3 点，晚上 8 点等不同适合发放一批优惠券。 某银行系统需要在信用卡到期还款日的前三天每天进行短信提醒。 某财务系统需要在每天凌晨 1点 结算前一天的财务数据，统计汇总。 某报表系统需要在每天凌晨 1点 读取业务数据生成报表数据。 12306 会根据车次的不同，而设置某几个时间点进行分批放票。 功能 一个任务调度平台，需要具备有以下几点功能： 核心功能：定时调度、任务管理、日志监控 高可用：集群、分片、失败处理 高性能：分布式锁 扩展功能：可视化运维、多语言、任务编排 架构 如何调度 如何分片 工具 推荐 xxl-job Elastic-job powerJob 其他 Saturn Quartz ArchManual © 版权所有 浙ICP备18042346号 "},"backend/id/":{"url":"backend/id/","title":"分布式ID","keywords":"","body":" ArchManual © 版权所有 浙ICP备18042346号 "},"backend/lock/":{"url":"backend/lock/","title":"分布式锁","keywords":"","body":" ArchManual © 版权所有 浙ICP备18042346号 "},"backend/transaction/":{"url":"backend/transaction/","title":"分布式事务","keywords":"","body":" ArchManual © 版权所有 浙ICP备18042346号 "},"backend/registry/":{"url":"backend/registry/","title":"注册发现","keywords":"","body":" ArchManual © 版权所有 浙ICP备18042346号 "},"backend/fallback/":{"url":"backend/fallback/","title":"限流与降级","keywords":"","body":" ArchManual © 版权所有 浙ICP备18042346号 "},"backend/loadbalance/":{"url":"backend/loadbalance/","title":"负载均衡","keywords":"","body":" ArchManual © 版权所有 浙ICP备18042346号 "},"backend/dbpool/":{"url":"backend/dbpool/","title":"数据库连接池","keywords":"","body":" ArchManual © 版权所有 浙ICP备18042346号 "},"backend/elastic/":{"url":"backend/elastic/","title":"弹性伸缩","keywords":"","body":" ArchManual © 版权所有 浙ICP备18042346号 "},"backend/rpc/":{"url":"backend/rpc/","title":"服务调用","keywords":"","body":" ArchManual © 版权所有 浙ICP备18042346号 "},"backend/server/":{"url":"backend/server/","title":"服务容器","keywords":"","body":" ArchManual © 版权所有 浙ICP备18042346号 "},"backend/gateway/":{"url":"backend/gateway/","title":"网关","keywords":"","body":" ArchManual © 版权所有 浙ICP备18042346号 "},"backend/storage/":{"url":"backend/storage/","title":"存储","keywords":"","body":" ArchManual © 版权所有 浙ICP备18042346号 "},"backend/warehouse/":{"url":"backend/warehouse/","title":"仓库","keywords":"","body":" ArchManual © 版权所有 浙ICP备18042346号 "},"backend/workflow/":{"url":"backend/workflow/","title":"流程引擎","keywords":"","body":"https://gitee.com/mldong/mldong ArchManual © 版权所有 浙ICP备18042346号 "},"backend/cluster/":{"url":"backend/cluster/","title":"集群管理","keywords":"","body":" ArchManual © 版权所有 浙ICP备18042346号 "},"backend/rdms/":{"url":"backend/rdms/","title":"分布式数据库","keywords":"","body":" ArchManual © 版权所有 浙ICP备18042346号 "},"backend/cache/":{"url":"backend/cache/","title":"缓存","keywords":"","body":"JD-hotkey Caffeine Guava ArchManual © 版权所有 浙ICP备18042346号 "},"backend/stress/":{"url":"backend/stress/","title":"压测","keywords":"","body":" ArchManual © 版权所有 浙ICP备18042346号 "},"backend/kv/":{"url":"backend/kv/","title":"KV存储","keywords":"","body":" ArchManual © 版权所有 浙ICP备18042346号 "},"backend/tools/":{"url":"backend/tools/","title":"Java工具包","keywords":"","body":" ArchManual © 版权所有 浙ICP备18042346号 "},"ops/devops/":{"url":"ops/devops/","title":"DevOps","keywords":"","body":" ArchManual © 版权所有 浙ICP备18042346号 "},"ops/deploy/":{"url":"ops/deploy/","title":"部署容器","keywords":"","body":" ArchManual © 版权所有 浙ICP备18042346号 "},"ops/repo/":{"url":"ops/repo/","title":"仓库管理","keywords":"","body":" ArchManual © 版权所有 浙ICP备18042346号 "},"ops/monitor/":{"url":"ops/monitor/","title":"监控","keywords":"","body":" ArchManual © 版权所有 浙ICP备18042346号 "},"ops/monitor/server/":{"url":"ops/monitor/server/","title":"服务器","keywords":"","body":" ArchManual © 版权所有 浙ICP备18042346号 "},"ops/monitor/chain/":{"url":"ops/monitor/chain/","title":"调用链","keywords":"","body":" ArchManual © 版权所有 浙ICP备18042346号 "},"ops/monitor/biz/":{"url":"ops/monitor/biz/","title":"业务","keywords":"","body":" ArchManual © 版权所有 浙ICP备18042346号 "},"ops/monitor/jvm/":{"url":"ops/monitor/jvm/","title":"JVM","keywords":"","body":" ArchManual © 版权所有 浙ICP备18042346号 "},"ops/monitor/log/":{"url":"ops/monitor/log/","title":"日志","keywords":"","body":" ArchManual © 版权所有 浙ICP备18042346号 "},"bigdata/fs/":{"url":"bigdata/fs/","title":"分布式文件系统","keywords":"","body":" ArchManual © 版权所有 浙ICP备18042346号 "},"bigdata/bigtable/":{"url":"bigdata/bigtable/","title":"BigTable","keywords":"","body":" ArchManual © 版权所有 浙ICP备18042346号 "},"bigdata/compute/":{"url":"bigdata/compute/","title":"计算框架","keywords":"","body":" ArchManual © 版权所有 浙ICP备18042346号 "},"bigdata/stream/":{"url":"bigdata/stream/","title":"流式计算","keywords":"","body":" ArchManual © 版权所有 浙ICP备18042346号 "},"bigdata/analyze/":{"url":"bigdata/analyze/","title":"数据分析","keywords":"","body":" ArchManual © 版权所有 浙ICP备18042346号 "},"security/application/account/":{"url":"security/application/account/","title":"账号生命周期","keywords":"","body":" ArchManual © 版权所有 浙ICP备18042346号 "},"security/application/auth/":{"url":"security/application/auth/","title":"授权","keywords":"","body":" ArchManual © 版权所有 浙ICP备18042346号 "},"security/application/interface/":{"url":"security/application/interface/","title":"接口安全","keywords":"","body":" ArchManual © 版权所有 浙ICP备18042346号 "},"security/application/oplog/":{"url":"security/application/oplog/","title":"操作日志审计","keywords":"","body":"__ ArchManual © 版权所有 浙ICP备18042346号 "},"security/application/leak/":{"url":"security/application/leak/","title":"重要漏洞防范","keywords":"","body":" ArchManual © 版权所有 浙ICP备18042346号 "},"security/application/fault_back/":{"url":"security/application/fault_back/","title":"软件容错","keywords":"","body":" ArchManual © 版权所有 浙ICP备18042346号 "},"security/application/error/":{"url":"security/application/error/","title":"错误处理","keywords":"","body":" ArchManual © 版权所有 浙ICP备18042346号 "},"security/application/file/":{"url":"security/application/file/","title":"文件操作","keywords":"","body":" ArchManual © 版权所有 浙ICP备18042346号 "},"security/application/inout/":{"url":"security/application/inout/","title":"输入输出","keywords":"","body":" ArchManual © 版权所有 浙ICP备18042346号 "},"security/application/encryption/":{"url":"security/application/encryption/","title":"加密算法","keywords":"","body":" ArchManual © 版权所有 浙ICP备18042346号 "},"security/ops/host/":{"url":"security/ops/host/","title":"主机安全","keywords":"","body":" ArchManual © 版权所有 浙ICP备18042346号 "},"security/ops/key/":{"url":"security/ops/key/","title":"密钥全生命周期管理","keywords":"","body":" ArchManual © 版权所有 浙ICP备18042346号 "},"security/ops/certificate/":{"url":"security/ops/certificate/","title":"证书管理","keywords":"","body":" ArchManual © 版权所有 浙ICP备18042346号 "},"security/ops/resource/":{"url":"security/ops/resource/","title":"资源控制","keywords":"","body":" ArchManual © 版权所有 浙ICP备18042346号 "},"security/ops/config/":{"url":"security/ops/config/","title":"配置文件管理","keywords":"","body":" ArchManual © 版权所有 浙ICP备18042346号 "},"security/ops/middleware/":{"url":"security/ops/middleware/","title":"中间件运维","keywords":"","body":" ArchManual © 版权所有 浙ICP备18042346号 "},"security/code/source/":{"url":"security/code/source/","title":"源代码保护","keywords":"","body":" ArchManual © 版权所有 浙ICP备18042346号 "},"security/code/audit/":{"url":"security/code/audit/","title":"代码审计","keywords":"","body":" ArchManual © 版权所有 浙ICP备18042346号 "},"security/code/env/":{"url":"security/code/env/","title":"环境管理","keywords":"","body":" ArchManual © 版权所有 浙ICP备18042346号 "},"security/code/version/":{"url":"security/code/version/","title":"版本控制","keywords":"","body":" ArchManual © 版权所有 浙ICP备18042346号 "},"security/code/check/":{"url":"security/code/check/","title":"检测工具","keywords":"","body":" ArchManual © 版权所有 浙ICP备18042346号 "},"security/data/clasification/":{"url":"security/data/clasification/","title":"数据分级","keywords":"","body":" ArchManual © 版权所有 浙ICP备18042346号 "},"security/data/mask/":{"url":"security/data/mask/","title":"数据脱敏","keywords":"","body":" ArchManual © 版权所有 浙ICP备18042346号 "},"security/data/encryption/":{"url":"security/data/encryption/","title":"数据加密","keywords":"","body":" ArchManual © 版权所有 浙ICP备18042346号 "},"security/data/backup/":{"url":"security/data/backup/","title":"数据灾备","keywords":"","body":" ArchManual © 版权所有 浙ICP备18042346号 "},"ai/feature/":{"url":"ai/feature/","title":"特征工程","keywords":"","body":" ArchManual © 版权所有 浙ICP备18042346号 "},"ai/ml/":{"url":"ai/ml/","title":"机器学习","keywords":"","body":" ArchManual © 版权所有 浙ICP备18042346号 "},"ai/dl/":{"url":"ai/dl/","title":"深度学习","keywords":"","body":" ArchManual © 版权所有 浙ICP备18042346号 "},"ai/fl/":{"url":"ai/fl/","title":"联邦学习","keywords":"","body":" ArchManual © 版权所有 浙ICP备18042346号 "},"ai/tl/":{"url":"ai/tl/","title":"迁移学习","keywords":"","body":" ArchManual © 版权所有 浙ICP备18042346号 "},"ai/automl/":{"url":"ai/automl/","title":"自动机器学习","keywords":"","body":" ArchManual © 版权所有 浙ICP备18042346号 "},"ai/llm/infra/vector/":{"url":"ai/llm/infra/vector/","title":"向量数据库","keywords":"","body":" ArchManual © 版权所有 浙ICP备18042346号 "},"ai/llm/infra/db_vector/":{"url":"ai/llm/infra/db_vector/","title":"数据库支持向量","keywords":"","body":" ArchManual © 版权所有 浙ICP备18042346号 "},"ai/llm/infra/framework/":{"url":"ai/llm/infra/framework/","title":"大模型框架","keywords":"","body":" ArchManual © 版权所有 浙ICP备18042346号 "},"ai/llm/infra/train/":{"url":"ai/llm/infra/train/","title":"大模型训练平台","keywords":"","body":" ArchManual © 版权所有 浙ICP备18042346号 "},"ai/llm/llm/":{"url":"ai/llm/llm/","title":"大模型","keywords":"","body":" ArchManual © 版权所有 浙ICP备18042346号 "},"ai/llm/tool/ops/":{"url":"ai/llm/tool/ops/","title":"大模型运维","keywords":"","body":" ArchManual © 版权所有 浙ICP备18042346号 "},"ai/llm/tool/aggregation/":{"url":"ai/llm/tool/aggregation/","title":"大模型聚合","keywords":"","body":" ArchManual © 版权所有 浙ICP备18042346号 "},"ai/llm/tool/dev/":{"url":"ai/llm/tool/dev/","title":"开发工具","keywords":"","body":" ArchManual © 版权所有 浙ICP备18042346号 "}}